;shapiro;kolmogorov;K2
D;1.6624352083303822e-05;0.0;0.15715665828084774
F;6.573013257299958e-05;0.0;0.4022234107381632
E;3.227593517292425e-06;0.0;0.03513237723541695
M;7.450740911695858e-05;5.1215e-320;0.30890980132710893
RW;8.423426835170671e-05;5.1215e-320;0.18204732682162908
WR;3.559750477421888e-05;0.0;0.8251921926844212
GuP;1.5385079061415566e-07;0.0;0.24536215842306952
TU;1.4027441908261196e-07;0.0;0.0508450162493482
IDAF;6.97618049402342e-07;0.0;0.2219569262846026
